name_he,exclusion_type,value,note
צור,bare_word,מצור,"מצור = siege, not ""from Tyre"""
חמד,bare_word,מחמד,"מחמד = the name Mohammed, not ""from Hamad"""
ירון,bare_word,מירון,"מירון = Meron, an unrelated place"
ירון,bare_word,לירון,לירון = the first name Liron
ירון,compound_after,פינקלמן,"אלוף ירון פינקלמן = Maj. Gen. Yaron Finkelman, not the village"
רמיה,bare_word,כרמיה,"כרמיה = Karmia, an unrelated kibbutz"
קטנה,bare_word,הקטנה,"הקטנה = the small one (e.g. עזה הקטנה), not the village"
עזה,compound_before,רצועת,"רצועת עזה = the Gaza Strip region, not the city"
עזה,compound_before,אוגדת,אוגדת עזה = a military division named after the region
עזה,compound_before,חטיבת,חטיבת עזה = a military brigade named after the region
עזה,compound_before,מחוז,מחוז עזה = the Gaza governorate
עזה,compound_before,נפת,נפת עזה = the Gaza sub-district
עזה,compound_before,עיריית,עיריית עזה = Gaza municipality
עזה,compound_before,עוטף,עוטף עזה = the Gaza-envelope region
חבלה,compound_before,מטען,מטען חבלה = explosive charge
חבלה,compound_before,מטעני,מטעני חבלה = explosive charges
חבלה,compound_before,חומר,חומר חבלה = explosive material
חבלה,compound_before,חומרי,חומרי חבלה = explosive materials
חבלה,compound_before,אמצעי,אמצעי חבלה = sabotage equipment
חבלה,compound_before,באמצעות,באמצעות חבלה = by means of detonation
חבלה,compound_before,פעולת,פעולת חבלה = sabotage operation
חבלה,compound_before,פעולות,פעולות חבלה = sabotage operations
חבלה,compound_before,מעבדת,"מעבדת חבלה = bomb-making lab, singular"
חבלה,compound_before,מעבדות,"מעבדות חבלה = bomb-making labs, plural"
חבלה,compound_before,ציוד,ציוד חבלה = sabotage equipment
חבלה,compound_before,לבנות,לבנות חבלה = sabotage bricks/blocks
חבלה,compound_before,פתילי,פתילי חבלה = detonation fuses
חבלה,compound_before,נפץ,מטעני נפץ וחבלה = explosive and sabotage charges
חבלה,compound_before,כוחות,"כוחות החבלה = a sapper/demolition unit, not the village"
רמון,compound_before,מצפה,מצפה רמון = the town Mitzpe Ramon
רמון,compound_before,נמל התעופה,נמל התעופה רמון = Ramon Airport
רמון,compound_before,שדה התעופה,שדה התעופה רמון = Ramon Airfield
רמון,compound_before,בסיס,בסיס רמון = Ramon Airbase
רמון,compound_before,בסיס חיל האוויר,בסיס חיל האוויר רמון = Ramon Air Force Base
צור,compound_before,כרמי,"כרמי צור = Karmei Tzur, an unrelated West Bank settlement"
צור,compound_after,יצחק,צור יצחק = an unrelated moshav in central Israel
צור,compound_before,רמי,"רמי צור חכם = a person's name, not Tyre"
צור,compound_after,קשר,"לצור קשר = the idiom to make contact, not Tyre"
סעדה,bare_word,מסעדה,"מסעדה = Mas'ade, a Golan village, or the word restaurant"
סעדה,bare_word,הסעדה,"הסעדה = catering, a common Hebrew word"
דוחה,bare_word,דוחה,דוחה = the common verb rejects/pushes away
דוחה,bare_word,שדוחה,שדוחה = that rejects/pushes away
חבלה,compound_before,יחידת,"יחידת החבלה = a sapper/demolition unit, not the village"
חבלה,compound_before,יכולות,יכולות החבלה = sabotage capabilities
חבלה,compound_before,מרחב,מרחב חבלה = a sabotage zone/area
חבלה,compound_before,טרור,מתווי טרור וחבלה = terror and sabotage plots
ח'דר,require_geresh,,geresh-dropped form חדר collides with the word room; geresh must stay mandatory here
ג'בע,require_geresh,,"geresh-dropped form גבע collides with Geva Binyamin, a different settlement"
